CustomerID;Title;CompanyName;EmailAddress;Phone;AddressLine1;City;StateProvince;CountryRegion
29485;Ms.;Professional Sales and Service;catherine0@adventure-works.com;747-555-0171;57251 Serene Blvd;Van Nuys;California;United States
29486;Ms.;Riders Company;kim2@adventure-works.com;334-555-0137;Tanger Factory;Branch;Minnesota;United States
29489;Ms.;Area Bike Accessories;frances0@adventure-works.com;991-555-0183;6900 Sisk Road;Modesto;California;United States
29490;Ms.;Bicycle Accessories and Kits;margaret0@adventure-works.com;959-555-0151;Lewiston Mall;Lewiston;Idaho;United States
29492;Mr.;Valley Bicycle Specialists;jay1@adventure-works.com;158-555-0142;Blue Ridge Mall;Kansas City;Missouri;United States
29494;Mr.;Vinyl and Plastic Goods Corporation;samuel0@adventure-works.com;554-555-0110;No. 25800-130 King Street West;Toronto;Ontario;Canada
29496;Mr.;Fun Toys and Bikes;robert1@adventure-works.com;678-555-0175;6500 East Grant Road;Tucson;Arizona;United States
29497;Mr.;Great Bikes ;françois1@adventure-works.com;571-555-0128;Eastridge Mall;Casper;Wyoming;United States
29499;Ms.;Valley Toy Store;amy1@adventure-works.com;727-555-0115;252851 Rowan Place;Richmond;British Columbia;Canada
29502;Mr.;Major Sport Suppliers;paul2@adventure-works.com;331-555-0162;White Mountain Mall;Rock Springs;Wyoming;United States
29503;Mr.;Family's Favorite Bike Shop;gregory0@adventure-works.com;968-555-0153;26910 Indela Road;Montreal;Quebec;Canada
29503;Mr.;Family's Favorite Bike Shop;gregory0@adventure-works.com;968-555-0153;25981 College Street;Montreal;Quebec;Canada
29505;Ms.;Imported and Domestic Cycles;michelle0@adventure-works.com;115-555-0175;22589 West Craig Road;North Las Vegas;Nevada;United States
29506;Mr.;Systematic Sales;sean2@adventure-works.com;555-555-0162;2551 East Warner Road;Gilbert;Arizona;United States
29508;Mr.;Mountain Toy Store;marvin0@adventure-works.com;447-555-0110;First Colony Mall;Sugar Land;Texas;United States
29510;Mr.;Designated Distributors;cecil0@adventure-works.com;699-555-0155;254 Colonnade Road;Nepean;Ontario;Canada
29511;Mr.;Bold Bike Accessories;oscar0@adventure-works.com;855-555-0174;Rocky Mountain Pines Outlet;Loveland;Colorado;United States
29515;Mr.;Serious Cycles;maxwell0@adventure-works.com;614-555-0134;Suite 99320 255 - 510th Avenue S.W.;Calgary;Alberta;Canada
29517;Ms.;Novelty Bikes;ramona0@adventure-works.com;327-555-0148;998 Forest Road;Saginaw;Michigan;United States
29521;Mr.;Brightwork Company;tom1@adventure-works.com;883-555-0177;Belz Factory Outlet;Las Vegas;Nevada;United States
29522;Mr.;Resale Services;thomas1@adventure-works.com;226-555-0146;Fox Hills;Culver City;California;United States
29523;Mr.;The Gear Store;john6@adventure-works.com;149-555-0113;2345 North Freeway;Houston;Texas;United States
29524;Mr.;Immense Manufacturing Company;chris3@adventure-works.com;556-555-0145;70 N.W. Plaza;Saint Ann;Missouri;United States
29525;Ms.;Extended Bike Sales;teresa0@adventure-works.com;129-555-0110;The Citadel Commerce Plaza;City Of Commerce;California;United States
29527;Mr.;Workout Emporium;robert2@adventure-works.com;665-555-0198;700 Bureau Road;Montreal;Quebec;Canada
29528;Mr.;Work and Play Association;stephen1@adventure-works.com;818-555-0171;2533 Eureka Rd.;Southgate;Michigan;United States
29530;Mr.;Nice Bikes;daniel0@adventure-works.com;221-555-0167;Suite 800 2530 Slater Street;Ottawa;Ontario;Canada
29531;Mr.;Remarkable Bike Store;cory0@adventure-works.com;121-555-0157;Eastern Beltway Center;Las Vegas;Nevada;United States
29532;Mr.;Road-Way Mart;james3@adventure-works.com;234-555-0112;Southgate Mall;Missoula;Montana;United States
29533;Mr.;Small Cycle Store;douglas1@adventure-works.com;583-555-0130;Horizon Outlet Center;Holland;Michigan;United States
29535;Mr.;Grand Bicycle Stores;wayne0@adventure-works.com;640-555-0189;48255 I-10 E. @ Eastpoint Blvd.;Baytown;Texas;United States
29536;Mr.;Kickstand Sellers;robert3@adventure-works.com;241-555-0112;6789 Warren Road;Westland;Michigan;United States
29539;Mr.;Gasless Cycle Shop;josh0@adventure-works.com;584-555-0192;25 First Canadian Place;Toronto;Ontario;Canada
29541;Mr.;Transportation Options;gytis0@adventure-works.com;257-555-0119;25900-700-9th Ave S.W.;Calgary;Alberta;Canada
29544;Mr.;Finer Cycle Shop;shaun0@adventure-works.com;396-555-0187;2500-622 5th Ave Sw;Calgary;Alberta;Canada
29545;Mr.;Center Cycle Shop;john8@adventure-works.com;521-555-0195;1318 Lasalle Street;Bothell;Washington;United States
29545;Mr.;Center Cycle Shop;john8@adventure-works.com;521-555-0195;99300 223rd Southeast;Bothell;Washington;United States
29546;Mr.;Bulk Discount Store;christopher1@adventure-works.com;500 555-0132;93-2501, Blackfriars Road,;London;England;United Kingdom
29548;Ms.;First-Rate Outlet;ann0@adventure-works.com;277-555-0169;25537 Hillside Avenue;Victoria;British Columbia;Canada
29550;Mr.;Another Bicycle Company;stanley0@adventure-works.com;156-555-0126;567 Sw Mcloughlin Blvd;Milwaukie;Oregon;United States
29553;Ms.;Unsurpassed Bikes;edna0@adventure-works.com;789-555-0189;Po Box 8035996;Dallas;Texas;United States
29554;Mr.;Field Trip Inc;payton0@adventure-works.com;528-555-0183;997000 Telegraph Rd.;Southfield;Michigan;United States
29557;Mr.;Odometers and Accessories Company;alexander0@adventure-works.com;519-555-0151;253711 Mayfield Place, Unit 150;Richmond;British Columbia;Canada
29558;Mr.;Scratch-Resistant Finishes Company;john10@adventure-works.com;156-555-0111;5700 Explorer Drive;Mississauga;Ontario;Canada
29559;Mr.;Safe Cycles Shop;robert4@adventure-works.com;449-555-0176;2681 Eagle Peak;Bellevue;Washington;United States
29559;Mr.;Safe Cycles Shop;robert4@adventure-works.com;449-555-0176;25915 140th Ave Ne;Bellevue;Washington;United States
29560;Mr.;Number 1 Supply;matthias1@adventure-works.com;384-555-0169;Escondido;Escondido;California;United States
29562;Mr.;Golf and Cycle Store;steven1@adventure-works.com;280-555-0124;5500 Grossmont Center Drive;La Mesa;California;United States
29565;Mr.;World Bike Discount Store;jimmy1@adventure-works.com;992-555-0111;3065 Santa Margarita Parkway;Trabuco Canyon;California;United States
29566;Ms.;Historic Bicycle Sales;mae1@adventure-works.com;264-555-0143;Redford Plaza;Redford;Michigan;United States
29567;Ms.;Commuter Bicycle Store;jackie0@adventure-works.com;972-555-0163;2575 Bloor Street East;Toronto;Ontario;Canada
29568;Mr.;Coalition Bike Company;donald0@adventure-works.com;357-555-0161;Corporate Office;El Segundo;California;United States
29569;Ms.;Travel Systems;linda4@adventure-works.com;121-555-0121;2505 Gateway Drive;North Sioux City;South Dakota;United States
29570;Mr.;Grease and Oil Products Company;michael11@adventure-works.com;126-555-0172;9903 Highway 6 South;Houston;Texas;United States
29571;Ms.;Moderately-Priced Bikes Store;gabriel0@adventure-works.com;763-555-0145;67 Rainer Ave S;Renton;Washington;United States
29573;Mr.;Economy Bikes Company;luis0@adventure-works.com;688-555-0113;72502 Eastern Ave.;Bell Gardens;California;United States
29574;Mr.;Third Bike Store;randall0@adventure-works.com;383-555-0117;2500 North Stemmons Freeway;Dallas;Texas;United States
29576;Mr.;Bikes for Two;eli0@adventure-works.com;371-555-0143;63 West Beaver Creek;Richmond Hill;Ontario;Canada
29577;Mr.;Metal Processing Company;lester0@adventure-works.com;844-555-0112;770 Notre Datme Quest Bureau 800;Montreal;Quebec;Canada
29579;Mr.;Initial Bike Company;cornelius0@adventure-works.com;229-555-0114;789 West Alameda;Westminster;Colorado;United States
29580;Mr.;Latest Sports Equipment;richard1@adventure-works.com;340-555-0131;4251 First Avenue;Seattle;Washington;United States
29582;Mr.;Raw Materials Inc;ted0@adventure-works.com;962-555-0166;Bldg. 9n/99298;Redmond;Washington;United States
29583;Mr.;Lots of Bikes Storehouse;alan1@adventure-works.com;494-555-0134;4255 East Lies Road;Carol Stream;Illinois;United States
29584;Mr.;Futuristic Bikes;walter0@adventure-works.com;163-555-0155;25136 Jefferson Blvd.;Culver City;California;United States
29585;Mr.;Parcel Express Delivery Service;christopher2@adventure-works.com;162-555-0166;Washington Square;Portland;Oregon;United States
29587;Mr.;Prosperous Tours;john12@adventure-works.com;500 555-0179;99-3 Forest Works;London;England;United Kingdom
29588;Mr.;Nonskid Tire Company;willie0@adventure-works.com;525-555-0174;Holiday Village Mall;Great Falls;Montana;United States
29590;Mr.;Metro Bike Works;jo2@adventure-works.com;689-555-0130;250000 Eight Mile Road;Detroit;Michigan;United States
29591;Mr.;Best o' Bikes;robert5@adventure-works.com;575-555-0189;250880 Baur Blvd;Saint Louis;Missouri;United States
29593;Ms.;Client Discount Store;mary5@adventure-works.com;658-555-0146;Noah Lane;Chicago;Illinois;United States
29596;Mr.;Requisite Part Supply;eric3@adventure-works.com;644-555-0114;600 Slater Street;Ottawa;Ontario;Canada
29598;Mr.;Mechanical Products Ltd.;michael13@adventure-works.com;128-555-0148;22555 Paseo De Las Americas;San Diego;California;United States
29599;Ms.;Commendable Bikes;shirley0@adventure-works.com;383-555-0155;4781 Highway 95;Sandpoint;Idaho;United States
29600;Ms.;Online Bike Sellers;june0@adventure-works.com;249-555-0172;678 Eastman Ave.;Midland;Michigan;United States
29601;Mr.;Custom Accessories Company;dirk0@adventure-works.com;817-555-0114;251 Indell Lane;Brampton;Ontario;Canada
29603;Ms.;Courteous Bicycle Specialists;janainabarreirogambaro0@adventure-works.com;476-555-0184;995 Crescent;Richmond Hill;Ontario;Canada
29605;Ms.;Professional Cycle Store;megan0@adventure-works.com;148-555-0149;Arcadia Crossing;Phoenix;Arizona;United States
29606;Ms.;Fifth Bike Store;karren0@adventure-works.com;652-555-0132;2502 Evergreen Ste E;Everett;Washington;United States
29608;Mr.;Farthest Bike Store;timothy0@adventure-works.com;251-555-0172;45259 Canada Way;Burnaby;British Columbia;Canada
29611;Mr.;Alternative Vehicles;jared0@adventure-works.com;164-555-0147;3307 Evergreen Blvd;Washougal;Washington;United States
29612;Mr.;Channel Outlet;richard2@adventure-works.com;500 555-0138;Knaves Beech Ind.;High Wycombe;England;United Kingdom
29614;Mr.;Retail Mall;ryan1@adventure-works.com;726-555-0155;254480 River Rd;Richmond;British Columbia;Canada
29615;Ms.;Metro Metals Co.;mari0@adventure-works.com;500 555-0118;2524 Barlby Road;London;England;United Kingdom
29616;Ms.;Sheet Metal Manufacturing;barbara2@adventure-works.com;145-555-0152;25306 Harvey Rd.;College Station;Texas;United States
29617;Ms.;Thorough Parts and Repair Services;lindsey0@adventure-works.com;827-555-0143;S Sound Ctr Suite 25300;Lacey;Washington;United States
29618;Mr.;Uttermost Bike Shop;gustavo1@adventure-works.com;500 555-0118;Ellesfield Ave;Bracknell;England;United Kingdom
29620;Ms.;Two-Wheeled Transit Company;joan0@adventure-works.com;700-555-0155;P.O. Box 44000;Winnipeg;Manitoba;Canada
29622;Mr.;Metro Cycle Shop;henry0@adventure-works.com;635-555-0126;2507 Pacific Ave S;Tacoma;Washington;United States
29623;Mr.;Outdoor Sporting Goods;chris5@adventure-works.com;118-555-0131;Lakewood Mall;Lakewood;California;United States
29625;Ms.;Petroleum Products Distributors;suzanadeabreu0@adventure-works.com;990-555-0141;20225 Lansing Ave;Montreal;Quebec;Canada
29627;Mr.;Bikes and Motorbikes;johnny0@adventure-works.com;112-555-0191;22580 Free Street;Toronto;Ontario;Canada
29629;Mr.;Camping and Sports Store;carlton0@adventure-works.com;193-555-0116;400-25155 West Pender St;Vancouver;British Columbia;Canada
29631;Ms.;Rural Department Store;jane0@adventure-works.com;716-555-0167;5967 W Las Positas Blvd;Pleasanton;California;United States
29632;Ms.;Sports Commodities;jovita0@adventure-works.com;646-555-0137;253950 N.E. 178th Place;Woodinville;Washington;United States
29635;Mr.;Responsible Bike Dealers;rob2@adventure-works.com;620-555-0117;Ward Parkway Center;Kansas City;Missouri;United States
29636;Mr.;Western Bike Supplies;andy1@adventure-works.com;944-555-0148;566 S. Main;Cedar City;Utah;United States
29637;Ms.;Advanced Bike Components;donna0@adventure-works.com;279-555-0130;12345 Sterling Avenue;Irving;Texas;United States
29638;Ms.;Aerobic Exercise Company;rosmarie0@adventure-works.com;244-555-0112;39933 Mission Oaks Blvd;Camarillo;California;United States
29639;Mr.;Corner Bicycle Supply;joseph1@adventure-works.com;180-555-0114;2511 Baker Road;Toronto;Ontario;Canada
29641;Mr.;Westside Plaza;raul0@adventure-works.com;362-555-0162;99040 California Avenue;Sand City;California;United States
29643;Mr.;Outstanding Cycles;matthew1@adventure-works.com;695-555-0161;North 93270 Newport Highway;Spokane;Washington;United States
29644;Ms.;Vigorous Sports Store;brigid0@adventure-works.com;500 555-0178;Banbury;Oxon;England;United Kingdom
29645;Mr.;Sports Merchandise;andrew2@adventure-works.com;644-555-0111;558 S 6th St;Klamath Falls;Oregon;United States
29646;Ms.;Fitness Toy Store;stacey0@adventure-works.com;351-555-0131;220 Mercy Drive;Garland;Texas;United States
29649;Mr.;General Cycle Storehouse;pat1@adventure-works.com;127-555-0124;30025 Wayburne Drive, Suite 275;Burnaby;British Columbia;Canada
29650;Mr.;Fitness Cycling;forrest0@adventure-works.com;448-555-0179;The Quad @ WestView;Whittier;California;United States
29651;Mr.;Good Bike Shop;lee0@adventure-works.com;223-555-0184;99433 S. Greenbay Rd.;Racine;Wisconsin;United States
29653;Mr.;Thrilling Bike Tours;pei0@adventure-works.com;789-555-0184;4660 Rodeo Road;Santa Fe;New Mexico;United States
29654;Mr.;This Area Sporting Goods;yao-qiang0@adventure-works.com;344-555-0181;25 N State St;Chicago;Illinois;United States
29655;Ms.;Full-Service Bike Store;nicky0@adventure-works.com;264-555-0164;9920 North Telegraph Rd.;Pontiac;Michigan;United States
29659;Ms.;Genuine Bike Shop;ruth1@adventure-works.com;273-555-0181;7760 N. Pan Am Expwy;San Antonio;Texas;United States
29660;Mr.;Extreme Riding Supplies;anthony0@adventure-works.com;429-555-0145;Riverside;Sherman Oaks;California;United States
29662;Ms.;Fleet Bikes;jill1@adventure-works.com;927-555-0198;54254 Pacific Ave.;Stockton;California;United States
29663;Ms.;Local Hardware Factory;alice1@adventure-works.com;221-555-0141;42500 W 76th St;Chicago;Illinois;United States
29666;Ms.;South Bike Company;jane1@adventure-works.com;206-555-0195;Po Box 83270;Vancouver;British Columbia;Canada
29668;Ms.;Discount Bicycle Specialists;connie0@adventure-works.com;426-555-0181;25269 Wood Dale Rd.;Wood Dale;Illinois;United States
29671;Mr.;Machines & Cycles Store;pat2@adventure-works.com;292-555-0128;25245 Rue Sherbrooke Ouest;Montreal;Quebec;Canada
29673;Mr.;Two Wheels Cycle Store;john14@adventure-works.com;397-555-0144;77 Beale Street;San Francisco;California;United States
29674;Mr.;Westside Cycle Store;scott1@adventure-works.com;119-555-0144;25550 Executive Dr;Elgin;Illinois;United States
29677;Mr.;Urban Sports Emporium;william1@adventure-works.com;383-555-0111;2560 Bay Street;Toronto;Ontario;Canada
29680;Ms.;Sixth Bike Store;dorothy0@adventure-works.com;428-555-0176;Suite 25800 3401 - 10810th Avenue;Surrey;British Columbia;Canada
29682;Mr.;Vehicle Shop;scott2@adventure-works.com;773-555-0182;Pavillion @ Redlands;Redlands;California;United States
29683;Ms.;First Department Stores;eva0@adventure-works.com;542-555-0164;2540 Dell Range Blvd;Cheyenne;Wyoming;United States
29684;Mr.;Grand Sport Boutique;marlin0@adventure-works.com;941-555-0155;99800 Tittabawasee Rd.;Saginaw;Michigan;United States
29686;Mr.;Distinctive Store;jack2@adventure-works.com;539-555-0182;Factory Merchants;Barstow;California;United States
29688;Mr.;Handy Bike Services;grant1@adventure-works.com;859-555-0173;399700 John R. Rd.;Madison Heights;Michigan;United States
29689;Mr.;Friendly Bike Shop;scott3@adventure-works.com;119-555-0167;750 Lakeway Dr;Bellingham;Washington;United States
29690;Mr.;Fashionable Bikes and Accessories;conor0@adventure-works.com;115-555-0113;Sports Store At Park City;Park City;Utah;United States
29692;Mr.;Citywide Service and Repair;thierry1@adventure-works.com;680-555-0192;Box 99354 300 Union Street;Saint John;Brunswick;Canada
29695;Ms.;Rugged Bikes;megan1@adventure-works.com;839-555-0198;48995 Evergreen Wy.;Everett;Washington;United States
29696;Mr.;Principal Bike Company;alvaro0@adventure-works.com;551-555-0155;Mountain Square;Upland;California;United States
29698;Mr.;Finer Riding Supplies;jacob0@adventure-works.com;767-555-0151;#9900 2700 Production Way;Burnaby;British Columbia;Canada
29699;Mr.;Neighborhood Store;alexander1@adventure-works.com;394-555-0176;6777 Kingsway;Burnaby;British Columbia;Canada
29702;Ms.;Paint Supply;aidan0@adventure-works.com;358-555-0188;Corporate Office;Garland;Texas;United States
29703;Mr.;Preferred Bikes;stefan0@adventure-works.com;819-555-0186;Incom Sports Center;Ontario;California;United States
29705;Ms.;Rewarding Activities Company;della0@adventure-works.com;752-555-0185;25575 The Queensway;Etobicoke;Ontario;Canada
29708;Mr.;Stationary Bikes and Stands;prashanth0@adventure-works.com;138-555-0156;Sapp Road West;Round Rock;Texas;United States
29709;Ms.;Successful Sales Company;bev0@adventure-works.com;143-555-0113;7009 Sw Hall Blvd.;Tigard;Oregon;United States
29710;Ms.;Downtown Hotel;brenda2@adventure-works.com;147-555-0192;2560 E. Newlands Dr;Fernley;Nevada;United States
29711;Ms.;Certified Sports Supply;gabriele0@adventure-works.com;835-555-0116;250551 Shellbridge Way;Richmond;British Columbia;Canada
29713;Mr.;Rampart Amusement Company;dick1@adventure-works.com;500 555-0193;Bradford;W. York;England;United Kingdom
29714;Mr.;Sundry Sporting Goods;rudolph0@adventure-works.com;722-555-0169;595 Burning Street;Vancouver;British Columbia;Canada
29716;Mr.;Farthermost Bike Shop;blaine0@adventure-works.com;156-555-0187;99000 S. Avalon Blvd. Suite 750;Carson;California;United States
29717;Ms.;Suburban Cycle Shop;cindy0@adventure-works.com;706-555-0140;994 Sw Cherry Park Rd;Troutdale;Oregon;United States
29719;Ms.;Racing Bike Outlet;patricia0@adventure-works.com;899-555-0134;225 South 314th Street;Federal Way;Washington;United States
29720;Mr.;Utilitarian Sporting Goods;gerald0@adventure-works.com;169-555-0178;4635 S. Harrison Blvd.;Ogden;Utah;United States
29722;Mr.;Vigorous Exercise Company;reuben1@adventure-works.com;916-555-0137;9950 Ferrand Drive, 9th Floor;Toronto;Ontario;Canada
29727;Mr.;Stock Parts and Supplies;bart0@adventure-works.com;539-555-0121;99295 S.e. Tualatin Valley_hwy.;Hillsboro;Oregon;United States
29728;Mr.;Roadway Supplies;maciej1@adventure-works.com;962-555-0144;2564 S. Redwood Rd.;Riverton;Utah;United States
29730;Ms.;Future Bikes;linda5@adventure-works.com;674-555-0188;67255 - 8th Street N.E., Suite 350;Calgary;Alberta;Canada
29732;Ms.;Satin Finish Company;carol2@adventure-works.com;847-555-0151;25220 Airline Road;Corpus Christi;Texas;United States
29733;Ms.;Regional Manufacturing;shannon0@adventure-works.com;425-555-0158;Factory Stores/tucson;Tucson;Arizona;United States
29734;Ms.;Original Bicycle Supply Company;jauna0@adventure-works.com;185-555-0190;2573 Dufferin Street;Toronto;Ontario;Canada
29736;Mr.;Action Bicycle Specialists;terry1@adventure-works.com;500 555-0176;Warrington Ldc Unit 25/2;Woolston;England;United Kingdom
29737;Mr.;Roadway Bike Emporium;john16@adventure-works.com;691-555-0149;Medford;Medford;Oregon;United States
29738;Ms.;Sleek Bikes ;gail1@adventure-works.com;834-555-0132;44025 W. Empire;Denby;South Dakota;United States
29739;Mr.;Retail Sporting Equipment;mark2@adventure-works.com;962-555-0112;Factory Stores Of America;Mesa;Arizona;United States
29740;Ms.;Price-Cutter Discount Bikes;martha0@adventure-works.com;753-555-0179;6700 Boul Taschereau;Brossard;Quebec;Canada
29741;Ms.;Central Bicycle Specialists;janeth1@adventure-works.com;500 555-0136;6 The Farm, Liberty Road;Maidenhead;England;United Kingdom
29742;Ms.;Vast Bike Sales and Rental;twanna0@adventure-works.com;554-555-0124;Lewis County Mall;Chehalis;Washington;United States
29743;Ms.;Summer Sports Place;ann1@adventure-works.com;252-555-0127;Ring Plaza;Norridge;Illinois;United States
29744;Mr.;Real Sporting Goods;john17@adventure-works.com;581-555-0172;7709 West Virginia Avenue;Phoenix;Arizona;United States
29747;Ms.;The Bike Shop;carolyn0@adventure-works.com;957-555-0125;3250 South Meridian;Puyallup;Washington;United States
29748;Ms.;Safe Toys;geri0@adventure-works.com;329-555-0183;49925 Crestview Drive N.E.;Rio Rancho;New Mexico;United States
29750;Ms.;Our Sporting Goods Store;rhoda0@adventure-works.com;920-555-0191;6030 Conroy Road;Ottawa;Ontario;Canada
29753;Ms.;Coho Sports;kathie1@adventure-works.com;627-555-0192;705 SE Mall Parkway;Everett;Washington;United States
29755;Ms.;Quick Delivery Service;kelly0@adventure-works.com;272-555-0123;5990 Avebury Road;Mississauga;Ontario;Canada
29757;Mr.;Basic Sports Equipment;garth0@adventure-works.com;768-555-0125;3250 Baldwin Park Blvd;Baldwin Park;California;United States
29758;Ms.;Cash & Carry Bikes;dorothy1@adventure-works.com;191-555-0198;Lakeline Mall;Cedar Park;Texas;United States
29761;Ms.;General Bike Corporation;susan3@adventure-works.com;994-555-0194;69251 Creditview Road;Mississauga;Ontario;Canada
29763;Mr.;Retail Cycle Shop;mihail1@adventure-works.com;777-555-0163;Bayshore Mall;Eureka;California;United States
29764;Mr.;Social Activities Club;john19@adventure-works.com;596-555-0153;23025 S.W. Military Rd.;San Antonio;Texas;United States
29765;Mr.;Blue Bicycle Company;paul3@adventure-works.com;492-555-0146;Horizon Outlet Center;Monroe;Michigan;United States
29766;Mr.;General Riding Supplies;bob1@adventure-works.com;962-555-0175;43251 Viking Way, Unit 130;Richmond;British Columbia;Canada
29768;Mr.;Riding Excursions;michael15@adventure-works.com;912-555-0149;West Park Plaza;Irvine;California;United States
29769;Mr.;Unique Bikes;jon0@adventure-works.com;672-555-0112;3900 S. 997th St.;Milwaukee;Wisconsin;United States
29770;Ms.;Rural Cycle Emporium;kathleen0@adventure-works.com;150-555-0127;6388 Lake City Way;Burnaby;British Columbia;Canada
29771;Mr.;Associated Bikes;dominic0@adventure-works.com;192-555-0173;5420 West 22500 South;Salt Lake City;Utah;United States
29772;Ms.;Modular Cycle Systems;janet1@adventure-works.com;710-555-0173;800 Interchange Blvd.;Austin;Texas;United States
29772;Ms.;Modular Cycle Systems;janet1@adventure-works.com;710-555-0173;165 North Main;Austin;Texas;United States
29773;Mr.;A Bike Store;orlando0@adventure-works.com;245-555-0173;2251 Elliot Avenue;Seattle;Washington;United States
29774;Mr.;Journey Sporting Goods;darren0@adventure-works.com;417-555-0182;509 Nafta Boulevard;Laredo;Texas;United States
29775;Mr.;Two Bike Shops;jim1@adventure-works.com;724-555-0161;35525-9th Street Sw;Puyallup;Washington;United States
29776;Ms.;Cycles Wholesaler & Mfg.;barbara4@adventure-works.com;500 555-0181;Science Park South, Birchwood;Warrington;England;United Kingdom
29778;Mr.;Number One Bike Co.;leo0@adventure-works.com;500 555-0169;Elmhurst Road, Goring;Reading;England;United Kingdom
29780;Mr.;Standard Bikes;frances1@adventure-works.com;692-555-0136;9979 Bayview Drive;Barrie;Ontario;Canada
29781;Mr.;The Bicycle Accessories Company;guy0@adventure-works.com;583-555-0198;Vista Marketplace;Alhambra;California;United States
29782;Ms.;Active Systems;janet2@adventure-works.com;521-555-0183;9995 West Central Entrance;Duluth;Minnesota;United States
29783;Ms.;Futuristic Sport Distributors;mary6@adventure-works.com;149-555-0196;5525 South Hover Road;Longmont;Colorado;United States
29784;Ms.;Big-Time Bike Store;jeanie0@adventure-works.com;669-555-0149;9909 W. Ventura Boulevard;Camarillo;California;United States
29785;Ms.;The Showroom;diane3@adventure-works.com;898-555-0137;4400 March Road;Kanata;Ontario;Canada
29787;Mr.;Year-Round Sports;scott4@adventure-works.com;164-555-0145;2583 Se 272nd St;Kent;Washington;United States
29788;Mr.;The New Bike Store;mete0@adventure-works.com;637-555-0120;Hanford Mall;Hanford;California;United States
29789;Mr.;Primary Bike Distributors;brian4@adventure-works.com;495-555-0161;965 De La Gauchetiere West;Montreal;Quebec;Canada
29792;Ms.;Genial Bike Associates;abigail0@adventure-works.com;121-555-0139;99450 Highway 59 North;Humble;Texas;United States
29793;Mr.;Commercial Sporting Goods;michael16@adventure-works.com;132-555-0150;9700 Sisk Road;Modesto;California;United States
29794;Mr.;Wholesale Parts;derek0@adventure-works.com;674-555-0187;655-4th Ave S.W.;Calgary;Alberta;Canada
29796;Mr.;Riding Cycles;jon1@adventure-works.com;500 555-0114;Galashiels;Liverpool;England;United Kingdom
29797;Ms.;Metro Manufacturing;jane2@adventure-works.com;737-555-0163;2550 Signet Drive;Weston;Ontario;Canada
29799;Mr.;Locks Company;douglas2@adventure-works.com;385-555-0140;70259 West Sunnyview Ave;Visalia;California;United States
29800;Mr.;Latest Accessories Sales;brian5@adventure-works.com;461-555-0118;Gateway;Portland;Oregon;United States
29803;Ms.;Greater Bike Store;hattie0@adventure-works.com;141-555-0172;55 Lakeshore Blvd East;Toronto;Ontario;Canada
29805;Ms.;Distant Inn;erin1@adventure-works.com;244-555-0127;25001 Montague Expressway;Milpitas;California;United States
29806;Ms.;Finer Mart;betty0@adventure-works.com;867-555-0114;640 South 994th St. W.;Billings;Montana;United States
29807;Mr.;Cross-Country Riding Supplies;bryan2@adventure-works.com;344-555-0144;Station E;Chalk Riber;Ontario;Canada
29809;Mr.;Bike World;kerim0@adventure-works.com;216-555-0122;60025 Bollinger Canyon Road;San Ramon;California;United States
29810;Ms.;Central Discount Store;jean1@adventure-works.com;582-555-0113;259826 Russell Rd. South;Kent;Washington;United States
29813;Ms.;Sharp Bikes;katherine0@adventure-works.com;926-555-0159;52560 Free Street;Toronto;Ontario;Canada
29815;Mr.;Metropolitan Sports Supply;lucy0@adventure-works.com;828-555-0186;482505 Warm Springs Blvd.;Fremont;California;United States
29816;Mr.;Progressive Sports;keith0@adventure-works.com;170-555-0127;7943 Walnut Ave;Renton;Washington;United States
29816;Mr.;Progressive Sports;keith0@adventure-works.com;170-555-0127;3207 S Grady Way;Renton;Washington;United States
29818;Mr.;Brakes and Gears;roger0@adventure-works.com;774-555-0133;9927 N. Main St.;Tooele;Utah;United States
29819;Ms.;The Accessories Store;ann2@adventure-works.com;713-555-0168;Medford Outlet Center;Medford;Minnesota;United States
29822;Mr.;Family Cycle Store;james8@adventure-works.com;763-555-0120;660 Saint-Jacques, Bureau 400;Montreal;Quebec;Canada
29824;Ms.;Superb Sales and Repair;brenda3@adventure-works.com;393-555-0167;990th Floor 700 De La GauchetiSre Ou;Montreal;Quebec;Canada
29826;Mr.;Countryside Company;john20@adventure-works.com;107-555-0117;825 W 500 S;Bountiful;Utah;United States
29827;Ms.;First Bike Store;valerie0@adventure-works.com;859-555-0140;Kansas City Factory Outlet;Odessa;Missouri;United States
29830;Mr.;General Department Stores;kari0@adventure-works.com;143-555-0129;253131 Lake Frasier Drive, Office No. 2;Calgary;Alberta;Canada
29831;Ms.;Operational Manufacturing;irene0@adventure-works.com;790-555-0197;25730, boul. St-Régis;Dorval;Quebec;Canada
29832;Mr.;Online Bike Warehouse;jésus0@adventure-works.com;214-555-0145;32605 West 252 Mile Road, Suite 250;Aurora;Ontario;Canada
29834;Ms.;Small Bike Shop;cheryl0@adventure-works.com;158-555-0154;Corp Ofc Accts Payable;El Segundo;California;United States
29835;Mr.;Superior Hardware Distributors;ronald1@adventure-works.com;784-555-0120;250775 SW Hillsdale Hwy;Beaverton;Oregon;United States
29840;Mr.;Eastside Parts Shop;andrew4@adventure-works.com;194-555-0149;7000 Victoria Park Avenue;Toronto;Ontario;Canada
29842;Mr.;First Cycle Store;mike3@adventure-works.com;454-555-0160;25250 N 90th St;Scottsdale;Arizona;United States
29843;Mr.;Running and Cycling Gear;matthew3@adventure-works.com;146-555-0176;No. 60 Bellis Fair Parkway;Bellingham;Washington;United States
29847;Mr.;Good Toys;david16@adventure-works.com;969-555-0117;99700 Bell Road;Auburn;California;United States
29848;Ms.;Little Bicycle Supply Shop;helge0@adventure-works.com;850-555-0198;Cedar Creek Stores;Mosinee;Wisconsin;United States
29850;Mr.;All Seasons Sports Supply;bob2@adventure-works.com;129-555-0120;Ohms Road;Houston;Texas;United States
29851;Ms.;Leisure Clearing House;jean2@adventure-works.com;500 555-0181;Unit 99a Battery Retail Pk;Birmingham;England;United Kingdom
29852;Mr.;The Commissary;eddie0@adventure-works.com;570-555-0199;Bureau 9900 825, Avenue Querbes;Outremont;Quebec;Canada
29853;Ms.;Affordable Sports Equipment;juanita0@adventure-works.com;996-555-0196;Lake Elisnor Place;Lake Elsinore;California;United States
29854;Mr.;Local Sales and Rental;peter3@adventure-works.com;632-555-0171;1200 First Ave.;Joliet;Illinois;United States
29855;Mr.;Economy Center;curtis0@adventure-works.com;555-555-0162;6th Floor, 25st Canadian Place;Toronto;Ontario;Canada
29857;Ms.;Area Sheet Metal Supply;janice1@adventure-works.com;500 555-0119;399 Clearing Green;London;England;United Kingdom
29858;Mr.;Synthetic Materials Manufacturing;george1@adventure-works.com;851-555-0127;3390 South 23rd St.;Tacoma;Washington;United States
29859;Mr.;Rural Sales and Service;joshua0@adventure-works.com;190-555-0186;Management Mall;San Antonio;Texas;United States
29860;Ms.;Tubeless Tire Company;arlene0@adventure-works.com;500 555-0146;2574 Milton Park;Oxford;England;United Kingdom
29861;Ms.;Hardware Components;phyllis1@adventure-works.com;153-555-0195;City Center;Minneapolis;Minnesota;United States
29861;Ms.;Hardware Components;phyllis1@adventure-works.com;153-555-0195;99 Front Street;Minneapolis;Minnesota;United States
29862;Mr.;Retail Sporting Goods;lawrence0@adventure-works.com;129-555-0185;6753 Howard Hughes Parkway;Las Vegas;Nevada;United States
29863;Mr.;Efficient Cycling;ryan4@adventure-works.com;809-555-0152;250333 Southport Road, S.W.;Calgary;Alberta;Canada
29864;Ms.;General Industries;beth0@adventure-works.com;718-555-0152;9259 - 1110th Avenue Sw;Calgary;Alberta;Canada
29865;Mr.;Highway Bike Shop;lucio0@adventure-works.com;199-555-0135;Simi @ The Plaza;Simi Valley;California;United States
29866;Mr.;Rental Bikes;richard4@adventure-works.com;367-555-0124;99828 Routh Street, Suite 825;Dallas;Texas;United States
29867;Mr.;Roving Sports;erik0@adventure-works.com;116-555-0163;4927 S Meridian Ave Ste D;Puyallup;Washington;United States
29868;Ms.;Express Bike Services;denean0@adventure-works.com;500 555-0127;586 Fulham Road,;London;England;United Kingdom
29870;Mr.;Retail Discount Store;bronson0@adventure-works.com;697-555-0131;2510 Crew Court;Montreal;Quebec;Canada
29871;Mr.;Vale Riding Supplies;eric5@adventure-works.com;703-555-0120;Topanga Plaza;Canoga Park;California;United States
29872;Ms.;A Great Bicycle Company;jodan0@adventure-works.com;652-555-0189;6030 Robinson Road;Jefferson City;Missouri;United States
29873;Ms.;Certified Bicycle Supply;mary7@adventure-works.com;344-555-0133;2345 West Spencer Road;Lynnwood;Washington;United States
29874;Mr.;Exceptional Cycle Services;david17@adventure-works.com;500 555-0140;Wade Road;Basingstoke Hants;England;United Kingdom
29876;Ms.;Leisure Activities;vance0@adventure-works.com;103-555-0151;65 Gamelin Street;Hull;Quebec;Canada
29877;Ms.;Paints and Solvents Company;joyce0@adventure-works.com;458-555-0179;955 E. County Line Rd.;Englewood;Colorado;United States
29879;Mr.;Bikes for Kids and Adults;stephen3@adventure-works.com;910-555-0116;9900 Ronson Drive;Etobicoke;Ontario;Canada
29881;Ms.;Home Town Bike Store;danielle1@adventure-works.com;356-555-0190;955 Green Valley Crescent;Ottawa;Ontario;Canada
29883;Mr.;Sample Bike Store;barry1@adventure-works.com;858-555-0140;2530 South Colorado Blvd.;Denver;Colorado;United States
29883;Mr.;Sample Bike Store;barry1@adventure-works.com;858-555-0140;2000 300th Street;Denver;Colorado;United States
29884;Mr.;Extras Sporting Goods;brian6@adventure-works.com;320-555-0134;625 W Jackson Blvd. Unit 2502;Chicago;Illinois;United States
29885;Mr.;Sure & Reliable Sporting Goods;david18@adventure-works.com;476-555-0139;7990 Ocean Beach Hwy.;Longview;Washington;United States
29889;Ms.;Separate Parts Corporation;jean3@adventure-works.com;207-555-0129;440 West Huntington Dr.;Monrovia;California;United States
29890;Ms.;Basic Bike Company;peggy0@adventure-works.com;170-555-0189;15 East Main;Port Orchard;Washington;United States
29891;Ms.;Fabrikam Inc., West;diane4@adventure-works.com;224-555-0126;46460 West Oaks Drive;Novi;Michigan;United States
29892;Ms.;Non-Slip Pedal Company;sandra2@adventure-works.com;303-555-0117;258 King Street East;Toronto;Ontario;Canada
29893;Mr.;Weekend Bike Tours;sandeep1@adventure-works.com;495-555-0113;630 N. Capitol Ave.;San Jose;California;United States
29895;Ms.;General Supplies;lori2@adventure-works.com;765-555-0141;9693 Louis H Lafontaine;Ville De'anjou;Quebec;Canada
29897;Ms.;Racing Toys;kay0@adventure-works.com;731-555-0187;9228 Via Del Sol;Phoenix;Arizona;United States
29897;Ms.;Racing Toys;kay0@adventure-works.com;731-555-0187;Prime Outlets;Phoenix;Arizona;United States
29898;Mr.;Capable Sales and Service;sandeep2@adventure-works.com;928-555-0117;765 Delridge Way Sw;Seattle;Washington;United States
29900;Mr.;Road Way Sales and Rental;victor0@adventure-works.com;112-555-0195;2900 - 25055 Dunning Street;Vancouver;British Columbia;Canada
29901;Mr.;Sturdy Toys;john22@adventure-works.com;330-555-0116;Pacific West Outlet;Gilroy;California;United States
29902;Mr.;Beneficial Exercises and Activities;robert7@adventure-works.com;510-555-0123;6425 Nw Loop 410;San Antonio;Texas;United States
29903;Mr.;Fad Outlet;kevin4@adventure-works.com;275-555-0179;2550 Ne Sandy Blvd;Portland;Oregon;United States
29904;Ms.;Commerce Bicycle Specialists;mary8@adventure-works.com;500 555-0146;Wharfdale Road;Berkshire;England;United Kingdom
29905;Ms.;Acceptable Sales & Service;elizabeth2@adventure-works.com;656-555-0173;6400, 888 - 3rd Avenue;Calgary;Alberta;Canada
29906;Mr.;District Mall;imtiaz0@adventure-works.com;249-555-0179;25095 W. Florissant;Ferguson;Missouri;United States
29907;Ms.;Fitness Supplies;karan1@adventure-works.com;390-555-0150;755 W Washington Ave Ste D;Sequim;Washington;United States
29908;Mr.;Mail Market;joe1@adventure-works.com;500 555-0144;308-3250 Casting Road;York;England;United Kingdom
29910;Mr.;Twelfth Bike Store;shane2@adventure-works.com;155-555-0149;No. 25400 10665 Jasper Avenue;Edmonton;Alberta;Canada
29911;Mr.;Consolidated Messenger;tim0@adventure-works.com;244-555-0115;25 Danger Street West;Toronto;Ontario;Canada
29913;Mr.;Field Trip Store;anton0@adventure-works.com;608-555-0162;2575 Rocky Mountain Ave.;Loveland;Colorado;United States
29914;Mr.;Finish and Sealant Products;christian1@adventure-works.com;362-555-0177;25150 El Camino Real;San Bruno;California;United States
29915;Mr.;Finer Parts Shop;andrew5@adventure-works.com;129-555-0185;2526a Tri-Lake Blvd Ne;Kirkland;Washington;United States
29918;Mr.;Up-To-Date Sports;kirk2@adventure-works.com;979-555-0163;2521 McPherson Street;Markham;Ontario;Canada
29919;Mr.;Mountain Bike Center;eugene2@adventure-works.com;136-555-0134;6756 Mowry;Newark;California;United States
29920;Mr.;Specialty Sports Store;scott6@adventure-works.com;556-555-0192;52500 Liberty Way;Fort Worth;Texas;United States
29921;Ms.;Scooters and Bikes Store;joy0@adventure-works.com;810-555-0198;258101 Nw Evergreen Parkway;Beaverton;Oregon;United States
29922;Ms.;Closest Bicycle Store;pamala0@adventure-works.com;500 555-0173;Garamonde Drive, Wymbush;Milton Keynes;England;United Kingdom
29924;Mr.;Reasonable Bicycle Sales;mitch0@adventure-works.com;996-555-0192;C/O Starpak, Inc.;Greeley;Colorado;United States
29925;Ms.;Outdoor Sports Supply;margaret1@adventure-works.com;107-555-0132;Great Northwestern;North Bend;Washington;United States
29926;Mr.;Outdoor Aerobic Systems Company;deepak0@adventure-works.com;500 555-0122;255 Irving Street;London;England;United Kingdom
29928;Mr.;Metal Clearing House;vamsi1@adventure-works.com;290-555-0196;3255 Front Street West;Toronto;Ontario;Canada
29929;Mr.;Many Bikes Store;jeffrey3@adventure-works.com;452-555-0179;Receiving;Fullerton;California;United States
29930;Mr.;Largest Bike Store;peter4@adventure-works.com;436-555-0160;63 W Monroe;Chicago;Illinois;United States
29931;Mr.;Kickstands and Accessories Company;eric6@adventure-works.com;932-555-0163;25300 Biddle Road;Medford;Oregon;United States
29932;Ms.;Instruments and Parts Company;rebecca2@adventure-works.com;500 555-0155;Phoenix Way, Cirencester;Gloucestershire;England;United Kingdom
29934;Mr.;Gear-Shift Bikes Limited;david19@adventure-works.com;653-555-0159;2512-4th Ave Sw;Calgary;Alberta;Canada
29935;Ms.;Frugal Bike Shop;elsa0@adventure-works.com;482-555-0174;2575 West 2700 South;Salt Lake City;Utah;United States
29936;Mr.;Family Entertainment Center;michael18@adventure-works.com;396-555-0139;25718 Se Sunnyside Rd;Clackamas;Oregon;United States
29937;Ms.;Go-cart and Bike Specialists;marjorie0@adventure-works.com;306-555-0166;2509 W. Frankford;Carrollton;Texas;United States
29938;Mr.;Trailblazing Sports;frank4@adventure-works.com;491-555-0132;251340 E. South St.;Cerritos;California;United States
29939;Mr.;Racing Partners;mark5@adventure-works.com;371-555-0112;2512-410th Avenue S.W.;Calgary;Alberta;Canada
29941;Ms.;Exhibition Showroom;jolie0@adventure-works.com;500 555-0126;Garamonde Drive, Wymbush;Milton Keynes;England;United Kingdom
29942;Mr.;Authorized Bike Sales and Rental;roger1@adventure-works.com;947-555-0143;490 Ne 4th St;Renton;Washington;United States
29943;Mr.;Two-Seater Bikes;a0@adventure-works.com;645-555-0193;5700 Legacy Dr;Plano;Texas;United States
29944;Ms.;More Bikes!;bonnie2@adventure-works.com;354-555-0130;25600 E St Andrews Pl;Santa Ana;California;United States
29946;Ms.;National Manufacturing;linda7@adventure-works.com;493-555-0134;630 University Avenue;Toronto;Ontario;Canada
29948;Ms.;Town Industries;elsie0@adventure-works.com;803-555-0116;P.O. Box 6256916;Dallas;Texas;United States
29949;Mr.;Security Racks and Locks Wholesalers;george3@adventure-works.com;699-555-0183;910 Main Street.;Sparks;Nevada;United States
29950;Mr.;Rapid Bikes;yale0@adventure-works.com;316-555-0138;992 St Clair Ave East;Toronto;Ontario;Canada
29952;Ms.;Nearby Sporting Goods;yuhong1@adventure-works.com;500 555-0176;Bradford;W. York;England;United Kingdom
29953;Mr.;Front Sporting Goods;joseph2@adventure-works.com;119-555-0195;257700 Ne 76th Street;Redmond;Washington;United States
29954;Mr.;Elite Bikes;paulo0@adventure-works.com;380-555-0116;9178 Jumping St.;Dallas;Texas;United States
29954;Mr.;Elite Bikes;paulo0@adventure-works.com;380-555-0116;Po Box 8259024;Dallas;Texas;United States
29955;Mr.;Catalog Store;david20@adventure-works.com;440-555-0132;855 East Main Avenue;Zeeland;Michigan;United States
29956;Mr.;Chic Department Stores;jinghao1@adventure-works.com;928-555-0116;90025 Sterling St;Irving;Texas;United States
29957;Mr.;Eastside Department Store;kevin5@adventure-works.com;926-555-0164;9992 Whipple Rd;Union City;California;United States
29959;Mr.;Cycle Merchants;todd0@adventure-works.com;783-555-0110;575 Rue St Amable;Quebec;Quebec;Canada
29962;Ms.;Fitness Hotel;sharon2@adventure-works.com;377-555-0132;74400 France Avenue South;Edina;Minnesota;United States
29964;Ms.;Grand Industries;anita0@adventure-works.com;164-555-0118;6333 Cote Vertu;Montreal;Quebec;Canada
29967;Ms.;Leading Sales & Repair;judy1@adventure-works.com;260-555-0130;25149 Howard Dr;West Chicago;Illinois;United States
29969;Mr.;Tandem Sales and Service;robert8@adventure-works.com;631-555-0155;63 Free St.;Toronto;Ontario;Canada
29971;Mr.;Reliable Retail Center;robert9@adventure-works.com;666-555-0143;609 Evans Avenue;Toronto;Ontario;Canada
29973;Ms.;Friendly Bike Shop;denise1@adventure-works.com;537-555-0190;Port Huron;Port Huron;Michigan;United States
29974;Mr.;Yellow Bicycle Company;scott7@adventure-works.com;470-555-0171;St. Louis Marketplace;Saint Louis;Missouri;United States
29975;Mr.;Sports Products Store;walter1@adventure-works.com;245-555-0191;Po Box 252525;Santa Ana;California;United States
29978;Mr.;Shipping Specialists;ajay0@adventure-works.com;500 555-0174;25 Hartfield Road, Wimbledon;London;England;United Kingdom
29980;Mr.;Authentic Sales and Service;tomas0@adventure-works.com;500 555-0178;99 Dean Street, Soho;London;England;United Kingdom
29981;Ms.;Official Parts Shop;kathy0@adventure-works.com;942-555-0141;9905 Three Rivers Drive;Kelso;Washington;United States
29982;Ms.;Discount Tours;melissa0@adventure-works.com;685-555-0117;603 Gellert Blvd;Daly City;California;United States
29983;Ms.;Tire Exchange;cecelia0@adventure-works.com;394-555-0168;9984 Wellington Street;Ottawa;Ontario;Canada
29985;Ms.;Oils and Fluids Warehouse;linda8@adventure-works.com;500 555-0137;Park House-4th Floor, 2516 Park St.;London;England;United Kingdom
29987;Mr.;Rally Master Company Inc;frank5@adventure-works.com;171-555-0147;870 N. 54th Ave.;Chandler;Arizona;United States
29988;Mr.;Professional Cyclists;steve2@adventure-works.com;154-555-0115;2545 King Street West;Toronto;Ontario;Canada
29990;Ms.;Exclusive Bicycle Mart;jennifer1@adventure-works.com;500 555-0175;Butterfield Hse, 7-251 Chapel St;Lancaster;England;United Kingdom
29991;Mr.;City Manufacturing;chris6@adventure-works.com;642-555-0187;3025 E Waterway Blvd;Shelton;Washington;United States
29992;Ms.;Bike Dealers Association;sandra4@adventure-works.com;993-555-0179;9952 E. Lohman Ave.;Las Cruces;New Mexico;United States
29994;Ms.;Health Spa, Limited;robin0@adventure-works.com;431-555-0153;2500 University Avenue;Toronto;Ontario;Canada
29997;Ms.;Closeout Boutique;lola0@adventure-works.com;173-555-0151;1050 Oak Street;Seattle;Washington;United States
29998;Ms.;Bicycle Merchandise Warehouse;jane3@adventure-works.com;529-555-0195;409 Santa Monica Blvd.;Santa Monica;California;United States
30000;Mr.;Leather Seat Factory;james12@adventure-works.com;191-555-0151;9900-6400 Boul, Taschereau;Brossard;Quebec;Canada
30003;Ms.;Practical Bike Supply Company;yvonne1@adventure-works.com;623-555-0144;Horizon Outlet;Woodbury;Minnesota;United States
30004;Ms.;Some Discount Store;nkenge0@adventure-works.com;158-555-0123;Frontier Mall;Cheyenne;Wyoming;United States
30005;Ms.;Variety Cycling;nancy3@adventure-works.com;500 555-0195;46-44 Albemarle Street;London;England;United Kingdom
30007;Ms.;Remote Bicycle Specialists;raquel0@adventure-works.com;723-555-0124;No. 2000-25080 Beaver Hall Hill;Quebec;Quebec;Canada
30008;Mr.;Friendly Neighborhood Bikes;rmorgan0@adventure-works.com;963-555-0146;Johnson Creek;Johnson Creek;Wisconsin;United States
30010;Mr.;Recommended Bicycles;stephen4@adventure-works.com;399-555-0114;250 Kingsbridge Garden Circle;Mississauga;Ontario;Canada
30012;Ms.;Alpine Ski House;helen2@adventure-works.com;519-555-0112;7505 Laguna Boulevard;Elk Grove;California;United States
30016;Mr.;Seats and Saddles Company;thomas2@adventure-works.com;162-555-0174;5th Floor, 79 Place D'armes;Kingston;Ontario;Canada
30018;Ms.;All Cycle Shop;virginia0@adventure-works.com;918-555-0127;8713 Yosemite Ct.;Bothell;Washington;United States
30018;Ms.;All Cycle Shop;virginia0@adventure-works.com;918-555-0127;25111 228th St Sw;Bothell;Washington;United States
30019;Mr.;Tachometers and Accessories;matthew5@adventure-works.com;500 555-0176;Wymbush;Milton Keynes;England;United Kingdom
30021;Mr.;Low Price Cycles;ben1@adventure-works.com;207-555-0167;Suite 500 995 W. 11th Avenue;Mississauga;Ontario;Canada
30022;Mr.;Metropolitan Manufacturing;dylan1@adventure-works.com;140-555-0192;Parkway Plaza;El Cajon;California;United States
30023;Mr.;Orange Bicycle Company;frank6@adventure-works.com;118-555-0184;123 W. Lake Ave.;Peoria;Illinois;United States
30024;Ms.;Riding Associates;neva0@adventure-works.com;992-555-0134;2528 Meridian E;Puyallup;Washington;United States
30025;Ms.;Essential Bike Works;linda9@adventure-works.com;500 555-0182;New Millhouse, 2583 Milton Park;Abingdon;England;United Kingdom
30027;Mr.;Engineered Bike Systems;joseph4@adventure-works.com;129-555-0164;123 Camelia Avenue;Oxnard;California;United States
30028;Ms.;Professional Containers and Packaging Co.;laura3@adventure-works.com;741-555-0173;253731 West Bell Road;Surprise;Arizona;United States
30029;Ms.;One Bike Company;shanay0@adventure-works.com;797-555-0118;5 place Ville-Marie;Montreal;Quebec;Canada
30030;Mr.;Cycling Goods;stefano0@adventure-works.com;500 555-0115;997b Tradescant Road;London;England;United Kingdom
30031;Mr.;Cycle Clearance;alan4@adventure-works.com;792-555-0194;2255 254th Avenue Se;Albany;Oregon;United States
30032;Mr.;Black Bicycle Company;derik0@adventure-works.com;441-555-0144;Factory Merchants;Branson;Missouri;United States
30033;Mr.;Transport Bikes;vassar0@adventure-works.com;328-555-0123;25130 South State Street;Sandy;Utah;United States
30034;Ms.;Sellers of Cycles;wathalee0@adventure-works.com;517-555-0120;700 Se Sunnyside Road;Clackamas;Oregon;United States
30035;Ms.;Maintenance and Repair for Bicycles;alice4@adventure-works.com;355-555-0180;Lone Star Factory;La Marque;Texas;United States
30036;Ms.;Fitness Department Stores;lizamarie0@adventure-works.com;366-555-0110;7750 E Marching Rd;Scottsdale;Arizona;United States
30037;Mr.;Famous Bike Shop;jim5@adventure-works.com;226-555-0110;999 West Georgia St.;Vancouver;Ontario;Canada
30039;Mr.;Gift and Toy Store;robert12@adventure-works.com;493-555-0185;Sports Stores @ Tuscola;Tuscola;Illinois;United States
30040;Ms.;Major Sporting Goods;kayla0@adventure-works.com;315-555-0131;9980 S Alma School Road;Chandler;Arizona;United States
30042;Ms.;Major Cycling;rubysue0@adventure-works.com;512-555-0122;46990 Viking Way;Richmond;British Columbia;Canada
30044;Mr.;Downhill Bicycle Specialists;gary5@adventure-works.com;500 555-0199;725a The Arches;Berks;England;United Kingdom
30045;Ms.;Bike Experts;ruth2@adventure-works.com;924-555-0195;Lancaster Mall;Salem;Oregon;United States
30046;Ms.;Extraordinary Bike Works;elizabeth4@adventure-works.com;306-555-0112;Town East Center;Mesquite;Texas;United States
30047;Mr.;Valley Bicycle Distributors;michael24@adventure-works.com;323-555-0113;5867 Sunrise Boulevard;Citrus Heights;California;United States
30048;Ms.;Top Sports Supply;marcia0@adventure-works.com;613-555-0116;251420a 170th Street;Edmonton;Alberta;Canada
30050;Mr.;Metropolitan Bicycle Supply;krishna1@adventure-works.com;500 555-0177;Paramount House;London;England;United Kingdom
30051;Mr.;Honest Repair Service;brad0@adventure-works.com;688-555-0115;Three Rivers Mall;Kelso;Washington;United States
30052;Mr.;Wheel Gallery;abraham0@adventure-works.com;926-555-0136;9920 Bridgepointe Parkway;San Mateo;California;United States
30053;Ms.;Top Bike Market;katherine1@adventure-works.com;421-555-0192;975 Princess Street;Kingston;Ontario;Canada
30055;Ms.;Bicycle Lines Distributors;julie1@adventure-works.com;145-555-0194;6996 South Lindbergh;Saint Louis;Missouri;United States
30056;Mr.;Sparkling Paint and Finishes;clarence0@adventure-works.com;787-555-0128;San Diego Factory;San Ysidro;California;United States
30058;Mr.;Plastic Parts Company;mike6@adventure-works.com;204-555-0189;750 Philip Street;Waterloo;Ontario;Canada
30061;Mr.;Big Cycle Mall;chad1@adventure-works.com;588-555-0128;9500b E. Central Texas Expressway;Killeen;Texas;United States
30063;Ms.;Eighth Bike Store;vanessa0@adventure-works.com;785-555-0163;2500 N Serene Blvd;El Segundo;California;United States
30064;Ms.;Demand Distributors;judy3@adventure-works.com;799-555-0118;25102 Springwater;Wenatchee;Washington;United States
30067;Ms.;Red Bicycle Company;phyllis2@adventure-works.com;667-555-0112;99, Rue Saint-pierre;Pnot-Rouge;Quebec;Canada
30069;Mr.;Trendy Department Stores;donald1@adventure-works.com;273-555-0111;25472 Marlay Ave;Fontana;California;United States
30070;Ms.;Vintage Sport Boutique;kendra0@adventure-works.com;464-555-0188;22571 South 2500 East;Idaho Falls;Idaho;United States
30071;Mr.;Travel Sports;daniel2@adventure-works.com;247-555-0197;755 Nw Grandstand;Issaquah;Washington;United States
30072;Ms.;West Side Mart;andrea1@adventure-works.com;500 555-0120;251 The Metro Center;Wokingham;England;United Kingdom
30074;Ms.;Tenth Bike Store;yuping0@adventure-works.com;744-555-0123;Depot 80;Sillery;Quebec;Canada
30076;Ms.;Fun Times Club;diane5@adventure-works.com;847-555-0184;8525 South Parker Road;Parker;Colorado;United States
30080;Ms.;Wingtip Toys;delia0@adventure-works.com;328-555-0192;755 Columbia Ctr Blvd;Kennewick;Washington;United States
30083;Mr.;Active Life Toys;glenn0@adventure-works.com;907-555-0170;55 Standish Court;Mississauga;Ontario;Canada
30087;Mr.;Quick Parts and Service;billy0@adventure-works.com;882-555-0115;99954 Boul. Laurier, Local 060, Place;Sainte-Foy;Quebec;Canada
30089;Mr.;Thrifty Parts and Sales;michaeljohn0@adventure-works.com;308-555-0175;Oxnard Outlet;Oxnard;California;United States
30090;Ms.;A Typical Bike Shop;christie0@adventure-works.com;686-555-0180;One Dancing, Rr No. 25;Round Rock;Texas;United States
30093;Ms.;Fasteners & Bolts Outlet;phyllis3@adventure-works.com;277-555-0182;9960 King Street E.;Toronto;Ontario;Canada
30094;Mr.;Quantity Discounts;sairaj1@adventure-works.com;767-555-0193;Natomas Marketplace;Sacramento;California;United States
30095;Mr.;Swift Cycles;sunil0@adventure-works.com;184-555-0187;25500 Old Spanish Trail;Houston;Texas;United States
30098;Ms.;Large Bike Shop;esther0@adventure-works.com;481-555-0131;600 Boul. Rene-levesque Ouest;Montreal;Quebec;Canada
30100;Mr.;Wire Baskets and Parts;jessie0@adventure-works.com;103-555-0179;Mall Of Orange;Orange;California;United States
30102;Mr.;Sports Store;roger2@adventure-works.com;500 555-0110;Internet House, 3399 Science Park;Cambridge;England;United Kingdom
30104;Ms.;Extended Tours;rose1@adventure-works.com;500 555-0140;7 Garden House Cloisters, 8 Batters;London;England;United Kingdom
30105;Mr.;Convenient Sales and Service;gregory1@adventure-works.com;684-555-0134;950 Gateway Street;Springfield;Oregon;United States
30106;Mr.;Solid Bike Parts;michael25@adventure-works.com;918-555-0141;Lincoln Square;Arlington;Texas;United States
30107;Ms.;Permanent Finish Products;margaret2@adventure-works.com;265-555-0143;62500 Neil Road;Reno;Nevada;United States
30108;Ms.;Mercantile Outlet;kara0@adventure-works.com;680-555-0160;2520 Flanders Road;Toronto;Ontario;Canada
30109;Mr.;Exhilarating Cycles;nieves0@adventure-works.com;371-555-0184;Kensington Valley Shops;Howell;Michigan;United States
30110;Mr.;Exercise Center;gary6@adventure-works.com;112-555-0176;Stevens Creek Shopping Center;San Jose;California;United States
30111;Mr.;Great Bicycle Supply;ranjit1@adventure-works.com;810-555-0160;455 256th St.;Moline;Illinois;United States
30112;Ms.;Mail-Order Outlet;patricia2@adventure-works.com;490-555-0132;409 S. Main Ste. 25;Ellensburg;Washington;United States
30113;Mr.;Nearby Cycle Shop;raja0@adventure-works.com;500 555-0195;Burgess Hill;West Sussex;England;United Kingdom
30115;Ms.;Retreat Inn;dora0@adventure-works.com;155-555-0140;Suite 2502 410 Albert Street;Waterloo;Ontario;Canada
30116;Ms.;Technical Parts Manufacturing;wanda0@adventure-works.com;433-555-0168;Ontario Mills;Ontario;California;United States
30117;Mr.;Totes & Baskets Company;robert13@adventure-works.com;560-555-0171;72540 Blanco Rd.;San Antonio;Texas;United States
30118;Ms.;World of Bikes;caroline0@adventure-works.com;695-555-0158;660 Lindbergh;Saint Louis;Missouri;United States
